month,0,1,2,3,4,5,6,7
2020-08,2,2,0,0,0,1,0,0
2020-09,1,0,0,0,0,0,0,0
2020-10,2,0,0,0,0,0,0,0
2020-11,3,0,1,0,0,1,0,1
2020-12,2,1,3,1,2,2,1,8
2021-01,2,0,1,1,0,0,1,1
2021-02,1,0,0,0,1,7,2,1
2021-03,2,3,2,0,4,2,1,0
2021-04,3,2,2,1,4,3,2,3
2021-05,4,5,10,1,3,2,4,5
2021-06,1,2,2,1,1,2,1,4
2021-07,1,1,1,0,1,1,2,1
2021-08,3,6,2,1,1,0,1,2
2021-09,2,5,1,0,3,6,6,4
2021-10,0,6,1,1,0,4,3,1
2021-11,1,5,4,3,1,5,1,2
2021-12,5,6,3,2,0,4,2,4
2022-01,7,3,1,1,2,4,0,4
2022-02,3,2,4,1,3,0,1,2
2022-03,5,5,6,7,5,6,3,5
2022-04,4,4,5,1,4,11,1,10
2022-05,12,5,3,4,3,9,4,4
2022-06,4,4,3,1,2,11,3,8
2022-07,3,6,3,12,3,6,1,2
2022-08,2,3,1,5,5,2,1,0
2022-09,1,3,3,1,3,4,2,6
2022-10,1,3,0,0,1,1,1,0
2022-11,0,0,0,0,0,1,0,0
2022-12,1,2,3,2,0,1,0,2
2023-01,0,1,0,1,0,0,0,0
2023-02,0,0,1,0,0,0,1,0
2023-03,0,1,0,0,0,0,0,0
2023-04,0,0,0,0,0,0,0,1
2023-05,0,0,1,0,0,0,0,0
2023-06,0,2,2,0,0,0,1,0
2023-08,0,1,1,1,0,0,0,0
2023-09,0,0,0,1,0,0,0,0
2024-03,0,0,0,0,0,1,0,0
2024-04,0,0,0,0,1,0,0,0
2024-05,0,1,0,0,0,3,0,2
2024-06,1,0,0,0,1,0,0,0
2024-07,0,0,0,0,1,0,0,0
2024-08,0,5,1,0,0,0,0,1
2024-12,0,0,0,0,0,0,1,1
2025-03,0,1,0,1,0,0,1,0
2025-05,1,0,1,1,0,0,1,0
2025-06,1,0,0,0,0,0,0,0
