month,Restraint,Body Dissatisfaction,Weight Concern,Preoccupation,Importance
2020-08,0.325,0.6875,0.125,0.1875,0.3
2020-09,,,,,
2020-10,0.775,0.625,0.1,0.2,0.35
2020-11,0.6,0.75,0.275,0.3,0.15000000000000002
2020-12,0.13157894736842105,0.5789473684210527,0.17368421052631577,0.17526315789473684,0.23157894736842108
2021-01,0.06,0.6,0.3,0.27999999999999997,0.13999999999999999
2021-02,0.34500000000000003,0.7,0.34500000000000003,0.495,0.49000000000000005
2021-03,0.125,0.595,0.42000000000000004,0.27,0.22999999999999998
2021-04,0.25625,0.6125,0.36875,0.35,0.415625
2021-05,0.22291666666666665,0.5,0.15416666666666667,0.26666666666666666,0.37916666666666665
2021-06,0.2571428571428572,0.35714285714285715,0.14285714285714285,0.07142857142857142,0.3714285714285714
2021-07,0.0,0.3333333333333333,0.3333333333333333,0.3333333333333333,0.0
2021-08,0.3333333333333333,0.44666666666666666,0.2533333333333333,0.20666666666666667,0.48000000000000004
2021-09,0.2822222222222222,0.5394444444444445,0.2622222222222222,0.2561111111111111,0.3661111111111111
2021-10,0.35615384615384615,0.4676923076923077,0.24384615384615385,0.19384615384615383,0.3169230769230769
2021-11,0.2638888888888889,0.6138888888888889,0.18611111111111112,0.31555555555555553,0.2222222222222222
2021-12,0.22142857142857145,0.5,0.20357142857142857,0.2642857142857143,0.3071428571428571
2022-01,0.15,0.44166666666666665,0.225,0.25833333333333336,0.4058333333333333
2022-02,0.372,0.544,0.335,0.248,0.398
2022-03,0.28750000000000003,0.46071428571428574,0.12142857142857144,0.17321428571428574,0.30892857142857144
2022-04,0.2196969696969697,0.4393939393939394,0.17575757575757575,0.2636363636363636,0.29545454545454547
2022-05,0.29378378378378384,0.38621621621621627,0.1827027027027027,0.21405405405405406,0.4008108108108108
2022-06,0.296896551724138,0.5958620689655173,0.26206896551724135,0.3703448275862069,0.44931034482758625
2022-07,0.1657142857142857,0.4385714285714286,0.10857142857142858,0.2438095238095238,0.26571428571428574
2022-08,0.2727272727272727,0.2636363636363636,0.06363636363636363,0.03727272727272728,0.2290909090909091
2022-09,0.18125,0.490625,0.265625,0.23124999999999998,0.325
2022-10,0.225,0.19166666666666665,0.19999999999999998,0.20000000000000004,0.10000000000000002
2022-11,0.3,0.2,0.1,0.4,0.6
2022-12,0.3166666666666667,0.3833333333333333,0.19999999999999998,0.25,0.19999999999999998
2023-01,0.4,0.0,0.0,0.0,0.0
2023-02,0.1,0.55,0.15,0.7,0.4
2023-03,0.0,1.0,0.0,0.0,1.0
2023-04,0.0,1.0,0.0,0.0,0.0
2023-05,0.3,0.2,0.1,0.05,0.05
2023-06,0.26666666666666666,0.6666666666666666,0.06666666666666667,0.19999999999999998,0.13333333333333333
2023-08,0.0,0.5,0.25,0.1,0.0
2023-09,,,,,
2024-03,,,,,
2024-04,0.0,1.0,0.0,0.0,0.5
2024-05,0.26666666666666666,0.2333333333333333,0.06666666666666667,0.03333333333333333,0.13333333333333333
2024-06,0.2,0.4,0.3,0.1,0.6
2024-07,0.0,0.0,0.0,0.0,1.0
2024-08,0.2642857142857143,0.7714285714285715,0.18571428571428572,0.2714285714285714,0.37142857142857144
2024-12,0.9,0.8,0.7,0.6,0.5
2025-03,0.7,0.3,0.4,0.6,0.8
2025-05,0.0,0.3333333333333333,0.0,0.16666666666666666,0.3333333333333333
2025-06,0.25,0.5,0.0,0.1,0.2
